{"count":1,"self":239.25821439999999,"total":249.44769929999998,"children":{"InitializeActuators":{"count":40,"self":0.0020088,"total":0.0020088,"children":null},"InitializeSensors":{"count":40,"self":0.0019996,"total":0.0019996,"children":null},"RayPerceptionSensor.Perceive":{"count":5,"self":0.0020016,"total":0.0020016,"children":null},"AgentSendState":{"count":12243,"self":2.218572,"total":2.3286032999999997,"children":{"CollectObservations":{"count":22041,"self":0.022876499999999998,"total":0.022876499999999998,"children":null},"WriteActionMask":{"count":22041,"self":0.014321299999999999,"total":0.014321299999999999,"children":null},"RequestDecision":{"count":22041,"self":0.053956199999999996,"total":0.066149199999999991,"children":{"RayPerceptionSensor.Perceive":{"count":2449,"self":0.012192999999999999,"total":0.012192999999999999,"children":null}}},"RayPerceptionSensor.Perceive":{"count":2448,"self":0.0066841999999999995,"total":0.0066841999999999995,"children":null}}},"DecideAction":{"count":12243,"self":6.2149535999999994,"total":7.3544703999999994,"children":{"RayPerceptionSensor.Perceive":{"count":19592,"self":1.1395168,"total":1.1395168,"children":null}}},"AgentAct":{"count":12243,"self":0.50040909999999994,"total":0.50040909999999994,"children":null}},"gauges":{},"metadata":{"timer_format_version":"0.1.0","start_time_seconds":"1745418119","unity_version":"2022.3.49f1","command_line_arguments":"C:\\Program Files\\Unity\\Hub\\Editor\\2022.3.49f1\\Editor\\Unity.exe -projectpath D:\\Unity\\Refactored -useHub -hubIPC -cloudEnvironment production","communication_protocol_version":"1.5.0","com.unity.ml-agents_version":"3.0.0","scene_name":"Game","end_time_seconds":"1745418369"}}