{"count":1,"self":68.5402112,"total":68.7382439,"children":{"InitializeActuators":{"count":9,"self":0.0030104,"total":0.0030104,"children":null},"InitializeSensors":{"count":9,"self":0.0025154,"total":0.0025154,"children":null},"AgentSendState":{"count":2704,"self":0.015652199999999998,"total":0.0362764,"children":{"CollectObservations":{"count":4869,"self":0.011604699999999999,"total":0.011604699999999999,"children":null},"WriteActionMask":{"count":4869,"self":0.0025039999999999997,"total":0.0025039999999999997,"children":null},"RequestDecision":{"count":4869,"self":0.0065155,"total":0.0065155,"children":null}}},"DecideAction":{"count":2704,"self":0.042710899999999996,"total":0.042710899999999996,"children":null},"AgentAct":{"count":2704,"self":0.11097119999999999,"total":0.11097119999999999,"children":null}},"gauges":{},"metadata":{"timer_format_version":"0.1.0","start_time_seconds":"1744890873","unity_version":"2022.3.49f1","command_line_arguments":"C:\\Program Files\\Unity\\Hub\\Editor\\2022.3.49f1\\Editor\\Unity.exe -projectpath D:\\Unity\\Refactored -useHub -hubIPC -cloudEnvironment production","communication_protocol_version":"1.5.0","com.unity.ml-agents_version":"3.0.0","scene_name":"Game","end_time_seconds":"1744890941"}}