{"count":1,"self":47.4598144,"total":47.575379399999996,"children":{"InitializeActuators":{"count":6,"self":0.0030007999999999996,"total":0.0030007999999999996,"children":null},"InitializeSensors":{"count":6,"self":0.0020077,"total":0.0020077,"children":null},"AgentSendState":{"count":2156,"self":0.0085411999999999988,"total":0.031644399999999996,"children":{"CollectObservations":{"count":2592,"self":0.0110403,"total":0.0110403,"children":null},"WriteActionMask":{"count":2592,"self":0.0045235,"total":0.0045235,"children":null},"RequestDecision":{"count":2592,"self":0.0075394,"total":0.0075394,"children":null}}},"DecideAction":{"count":2156,"self":0.027604999999999998,"total":0.027604999999999998,"children":null},"AgentAct":{"count":2156,"self":0.050301099999999994,"total":0.050301099999999994,"children":null}},"gauges":{},"metadata":{"timer_format_version":"0.1.0","start_time_seconds":"1744927066","unity_version":"2022.3.49f1","command_line_arguments":"C:\\Program Files\\Unity\\Hub\\Editor\\2022.3.49f1\\Editor\\Unity.exe -projectpath D:\\Unity\\Refactored -useHub -hubIPC -cloudEnvironment production","communication_protocol_version":"1.5.0","com.unity.ml-agents_version":"3.0.0","scene_name":"Game","end_time_seconds":"1744927114"}}