{"count":1,"self":31.1413728,"total":31.3106694,"children":{"InitializeActuators":{"count":6,"self":0.0025117,"total":0.0025117,"children":null},"InitializeSensors":{"count":6,"self":0.0046264999999999995,"total":0.0046264999999999995,"children":null},"AgentSendState":{"count":1339,"self":0.095113099999999992,"total":0.10716969999999999,"children":{"CollectObservations":{"count":1608,"self":0.0035166999999999998,"total":0.0035166999999999998,"children":null},"WriteActionMask":{"count":1608,"self":0.0030264999999999997,"total":0.0030264999999999997,"children":null},"RequestDecision":{"count":1608,"self":0.003006,"total":0.0055134,"children":{"RayPerceptionSensor.Perceive":{"count":1608,"self":0.0025074,"total":0.0025074,"children":null}}}}},"DecideAction":{"count":1339,"self":0.0125502,"total":0.0125502,"children":null},"AgentAct":{"count":1339,"self":0.041926899999999996,"total":0.041926899999999996,"children":null}},"gauges":{},"metadata":{"timer_format_version":"0.1.0","start_time_seconds":"1745011836","unity_version":"2022.3.49f1","command_line_arguments":"C:\\Program Files\\Unity\\Hub\\Editor\\2022.3.49f1\\Editor\\Unity.exe -projectpath D:\\Unity\\Refactored -useHub -hubIPC -cloudEnvironment production","communication_protocol_version":"1.5.0","com.unity.ml-agents_version":"3.0.0","scene_name":"Game","end_time_seconds":"1745011867"}}