{"count":1,"self":278.5714432,"total":319.1863465,"children":{"InitializeActuators":{"count":216,"self":0.0054652999999999993,"total":0.0054652999999999993,"children":null},"InitializeSensors":{"count":216,"self":0.0050193,"total":0.0050193,"children":null},"RayPerceptionSensor.Perceive":{"count":2,"self":0,"total":0,"children":null},"AgentSendState":{"count":59800,"self":10.7236672,"total":11.003155999999999,"children":{"CollectObservations":{"count":95680,"self":0.11947709999999999,"total":0.11947709999999999,"children":null},"WriteActionMask":{"count":95680,"self":0.034055999999999996,"total":0.034055999999999996,"children":null},"RequestDecision":{"count":95680,"self":0.1259553,"total":0.1259553,"children":null}}},"DecideAction":{"count":59800,"self":21.280481599999998,"total":27.930490799999998,"children":{"RayPerceptionSensor.Perceive":{"count":95680,"self":6.6500091999999995,"total":6.6500093,"children":null}}},"AgentAct":{"count":59800,"self":1.6707805999999998,"total":1.6707805999999998,"children":null}},"gauges":{},"metadata":{"timer_format_version":"0.1.0","start_time_seconds":"1745649619","unity_version":"2022.3.49f1","command_line_arguments":"C:\\Program Files\\Unity\\Hub\\Editor\\2022.3.49f1\\Editor\\Unity.exe -projectpath D:\\Unity\\Refactored -useHub -hubIPC -cloudEnvironment production","communication_protocol_version":"1.5.0","com.unity.ml-agents_version":"3.0.0","scene_name":"MainMenu","end_time_seconds":"1745649939"}}