{"count":1,"self":178.01180159999998,"total":178.1089987,"children":{"InitializeActuators":{"count":11,"self":0.0026222,"total":0.0026222,"children":null},"InitializeSensors":{"count":11,"self":0.0054278,"total":0.0054278,"children":null},"RayPerceptionSensor.Perceive":{"count":2,"self":0.0009995,"total":0.0009995,"children":null},"AgentSendState":{"count":377,"self":0.063200499999999993,"total":0.07035,"children":{"CollectObservations":{"count":684,"self":0.0030245999999999997,"total":0.0030245999999999997,"children":null},"WriteActionMask":{"count":684,"self":0.00051249999999999993,"total":0.00051249999999999993,"children":null},"RequestDecision":{"count":684,"self":0.0025444,"total":0.0036124,"children":{"RayPerceptionSensor.Perceive":{"count":684,"self":0.001068,"total":0.001068,"children":null}}}}},"DecideAction":{"count":377,"self":0.012725199999999999,"total":0.012725199999999999,"children":null},"AgentAct":{"count":377,"self":0.0050685999999999995,"total":0.0050685999999999995,"children":null}},"gauges":{},"metadata":{"timer_format_version":"0.1.0","start_time_seconds":"1745341938","unity_version":"2022.3.49f1","command_line_arguments":"C:\\Program Files\\Unity\\Hub\\Editor\\2022.3.49f1\\Editor\\Unity.exe -projectpath D:\\Unity\\Refactored -useHub -hubIPC -cloudEnvironment production","communication_protocol_version":"1.5.0","com.unity.ml-agents_version":"3.0.0","scene_name":"MainMenu","end_time_seconds":"1745342116"}}